State,Counties,Link
California,Alameda,https://www.bestplaces.net/jobs/county/california/alameda
California,Alpine,https://www.bestplaces.net/jobs/county/california/alpine
California,Amador,https://www.bestplaces.net/jobs/county/california/amador
California,Butte,https://www.bestplaces.net/jobs/county/california/butte
California,Calaveras,https://www.bestplaces.net/jobs/county/california/calaveras
California,Colusa,https://www.bestplaces.net/jobs/county/california/colusa
California,Contra Costa,https://www.bestplaces.net/jobs/county/california/contra_costa
California,Del Norte,https://www.bestplaces.net/jobs/county/california/del_norte
California,El Dorado,https://www.bestplaces.net/jobs/county/california/el_dorado
California,Fresno,https://www.bestplaces.net/jobs/county/california/fresno
California,Glenn,https://www.bestplaces.net/jobs/county/california/glenn
California,Humboldt,https://www.bestplaces.net/jobs/county/california/humboldt
California,Imperial,https://www.bestplaces.net/jobs/county/california/imperial
California,Inyo,https://www.bestplaces.net/jobs/county/california/inyo
California,Kern,https://www.bestplaces.net/jobs/county/california/kern
California,Kings,https://www.bestplaces.net/jobs/county/california/kings
California,Lake,https://www.bestplaces.net/jobs/county/california/lake
California,Lassen,https://www.bestplaces.net/jobs/county/california/lassen
California,Los Angeles,https://www.bestplaces.net/jobs/county/california/los_angeles
California,Madera,https://www.bestplaces.net/jobs/county/california/madera
California,Marin,https://www.bestplaces.net/jobs/county/california/marin
California,Mariposa,https://www.bestplaces.net/jobs/county/california/mariposa
California,Mendocino,https://www.bestplaces.net/jobs/county/california/mendocino
California,Merced,https://www.bestplaces.net/jobs/county/california/merced
California,Modoc,https://www.bestplaces.net/jobs/county/california/modoc
California,Mono,https://www.bestplaces.net/jobs/county/california/mono
California,Monterey,https://www.bestplaces.net/jobs/county/california/monterey
California,Napa,https://www.bestplaces.net/jobs/county/california/napa
California,Nevada,https://www.bestplaces.net/jobs/county/california/nevada
California,Orange,https://www.bestplaces.net/jobs/county/california/orange
California,Placer,https://www.bestplaces.net/jobs/county/california/placer
California,Plumas,https://www.bestplaces.net/jobs/county/california/plumas
California,Riverside,https://www.bestplaces.net/jobs/county/california/riverside
California,Sacramento,https://www.bestplaces.net/jobs/county/california/sacramento
California,San Benito,https://www.bestplaces.net/jobs/county/california/san_benito
California,San Bernardino,https://www.bestplaces.net/jobs/county/california/san_bernardino
California,San Diego,https://www.bestplaces.net/jobs/county/california/san_diego
California,San Francisco,https://www.bestplaces.net/jobs/county/california/san_francisco
California,San Joaquin,https://www.bestplaces.net/jobs/county/california/san_joaquin
California,San Luis Obispo,https://www.bestplaces.net/jobs/county/california/san_luis_obispo
California,San Mateo,https://www.bestplaces.net/jobs/county/california/san_mateo
California,Santa Barbara,https://www.bestplaces.net/jobs/county/california/santa_barbara
California,Santa Clara,https://www.bestplaces.net/jobs/county/california/santa_clara
California,Santa Cruz,https://www.bestplaces.net/jobs/county/california/santa_cruz
California,Shasta,https://www.bestplaces.net/jobs/county/california/shasta
California,Sierra,https://www.bestplaces.net/jobs/county/california/sierra
California,Siskiyou,https://www.bestplaces.net/jobs/county/california/siskiyou
California,Solano,https://www.bestplaces.net/jobs/county/california/solano
California,Sonoma,https://www.bestplaces.net/jobs/county/california/sonoma
California,Stanislaus,https://www.bestplaces.net/jobs/county/california/stanislaus
California,Sutter,https://www.bestplaces.net/jobs/county/california/sutter
California,Tehama,https://www.bestplaces.net/jobs/county/california/tehama
California,Trinity,https://www.bestplaces.net/jobs/county/california/trinity
California,Tulare,https://www.bestplaces.net/jobs/county/california/tulare
California,Tuolumne,https://www.bestplaces.net/jobs/county/california/tuolumne
California,Ventura,https://www.bestplaces.net/jobs/county/california/ventura
California,Yolo,https://www.bestplaces.net/jobs/county/california/yolo
California,Yuba,https://www.bestplaces.net/jobs/county/california/yuba
